bookingID,label
773094113280,0
1340029796375,0
721554505789,0
927712936006,0
1589137899542,0
120259084424,0
1185410973725,0
25769803777,1
68719476848,0
249108103237,0
1425929142394,0
1159641169961,0
1116691496996,0
1348619730951,0
635655159858,1
1176821039257,0
352187318334,0
103079215148,0
1254130450466,0
1468878815407,0
1657857376274,1
833223655481,1
670014898245,0
120259084289,0
1314259992707,0
42949672988,0
747324309520,1
1211180777508,0
1211180777649,0
197568495801,0
249108103205,0
721554505779,0
1503238553680,0
137438953494,0
309237645423,0
137438953598,0
936302870644,0
34359738478,0
1425929142318,0
1425929142429,0
592705486935,1
438086664353,0
1649267441773,0
1571958030432,0
180388626559,0
1142461300840,0
661424963675,0
824633720889,0
506806140989,1
1288490188880,1
34359738467,0
1443109011506,0
635655159962,0
420906795122,0
300647710809,0
1142461300757,0
1554778161234,0
103079215212,1
1537598292052,0
747324309534,1
1065151889531,1
833223655449,0
1365799600128,0
146028888188,1
1623497638008,0
223338299565,0
180388626595,1
1305670058084,1
60129542280,0
738734374931,0
996432412735,1
8589934622,1
1400159338595,1
1331439861857,1
1039382085665,1
1073741824006,0
223338299459,0
146028888221,1
1005022347299,1
1443109011615,0
1374389534784,0
137438953569,0
463856468127,0
1322849927253,0
455266533473,0
377957122222,0
34359738397,0
360777252985,1
1443109011513,0
1382979469454,0
1537598291991,0
1288490188843,1
1511828488202,0
146028888151,0
1297080123397,1
919123001393,0
584115552375,0
721554505856,0
730144440358,1
1443109011591,0
1151051235431,1
17179869311,1
901943132242,0
103079215187,0
197568495787,0
180388626522,0
841813590179,1
1434519077039,0
1434519076864,0
1262720385177,1
472446402746,0
1391569403908,0
953482739867,0
824633720896,0
1202590842889,1
1623497637927,1
1614907703446,1
455266533513,0
94489280692,0
566935683151,0
180388626579,0
1382979469385,0
1125281431733,0
1511828488233,1
515396075537,0
1700807049229,1
309237645369,0
1391569404015,0
1357209665623,0
1228360646707,0
1425929142354,0
996432412762,0
773094113312,0
979252543511,0
1511828488282,0
833223655533,0
1288490188808,0
919123001431,0
429496729677,0
549755814022,0
1357209665536,0
721554505822,0
670014898322,1
103079215232,1
1546188226687,1
1211180777599,0
618475290767,1
326417514602,1
8589934700,1
343597383686,1
1503238553710,0
833223655568,0
283467841607,0
1322849927215,1
970662609028,0
712964571272,0
42949673136,0
575525617784,1
841813590147,1
1494648619017,0
1305670058139,0
1133871366233,0
1065151889455,0
1133871366292,0
884763263134,1
798863917077,0
575525617814,0
77309411455,0
25769803814,1
446676598874,0
1408749273178,0
1013612281959,1
1082331758647,0
773094113373,1
687194767512,1
678604832885,1
1477468749884,0
163208757373,0
1563368095897,0
644245094457,0
1305670057984,0
1099511627937,1
111669149746,0
103079215197,0
1597727834202,0
867583393838,0
438086664202,1
1520418422871,0
489626271751,0
1623497637902,0
627065225266,0
146028888164,0
515396075536,1
360777252945,1
94489280527,0
1047972020364,1
747324309554,0
343597383701,0
824633720872,0
635655159835,0
412316860516,0
223338299567,0
1365799600176,1
1460288880675,0
601295421600,1
1520418422849,1
1434519076943,0
1425929142306,1
1305670058053,0
34359738464,0
489626271748,0
876173328429,0
8589934711,0
111669149767,0
1005022347294,0
764504178786,1
592705486975,1
816043786340,1
575525617817,0
42949673020,0
1211180777612,0
1073741824137,1
592705486949,0
730144440381,1
395136991325,0
360777252874,0
747324309514,0
1005022347364,0
1417339207842,0
1666447310985,0
1374389534788,0
257698037811,0
1185410973830,0
1511828488301,0
884763263100,0
412316860481,0
1589137899631,1
1168231104678,0
541165879489,0
618475290780,1
335007449150,1
1322849927231,1
541165879431,0
1116691496973,0
249108103309,0
730144440386,0
1090921693240,0
1202590843006,1
1108101562380,0
197568495653,1
1537598292043,0
283467841625,0
601295421598,0
292057776234,0
188978561079,0
764504178840,1
1597727834167,0
764504178812,1
335007449153,0
1486058684513,0
1065151889565,0
1254130450519,1
876173328497,0
1546188226656,1
300647710833,0
377957122101,0
128849018981,0
1254130450445,0
816043786262,1
1563368095836,1
1460288880649,0
128849019016,0
51539607586,0
1073741824105,0
51539607579,1
850403524685,1
549755813914,0
712964571225,1
128849019023,0
1116691497003,1
1520418422913,0
970662609046,1
309237645462,0
1554778161267,0
352187318287,0
1494648619064,0
1099511627809,0
231928233998,0
1228360646849,0
1520418422867,0
68719476799,0
1005022347378,0
206158430282,0
335007449227,1
1477468749995,1
1194000908292,0
128849019012,0
1202590842993,1
652835028997,0
249108103316,1
1606317768736,1
489626271750,1
1683627180070,0
489626271897,0
1108101562407,1
515396075660,0
747324309664,1
360777252950,0
1589137899521,0
558345748557,0
901943132290,0
747324309531,0
1666447310996,1
283467841590,1
77309411404,0
515396075564,1
1589137899629,0
979252543574,0
438086664227,1
1520418422914,1
8589934712,1
1649267441790,0
1632087572609,1
1176821039180,1
773094113283,0
987842478087,0
77309411435,0
1082331758720,0
1477468749858,1
979252543552,0
214748364924,0
970662609038,0
137438953629,0
463856468072,0
438086664261,0
1168231104589,0
403726925898,0
979252543602,0
68719476794,1
670014898200,0
1331439861828,0
1365799600262,0
1322849927310,0
197568495769,1
352187318316,0
188978561114,1
171798691855,0
1013612281923,0
1297080123492,1
1288490188969,0
77309411406,0
1013612281871,0
111669149827,0
1571958030381,0
1443109011502,0
101,1
695784702081,0
1357209665653,1
1254130450470,0
1297080123506,1
970662608995,0
34359738449,0
1039382085762,1
1125281431692,1
575525617726,0
1305670058118,0
1563368095821,1
1288490188937,0
927712935959,0
481036337196,0
51539607625,1
412316860416,1
1589137899523,0
1099511627934,0
1142461300740,0
137438953601,0
1133871366322,0
884763262982,0
1425929142293,0
884763263047,0
180388626464,1
377957122207,0
68719476851,0
1675037245513,0
627065225300,0
1348619730984,1
1365799600196,1
1391569403985,0
575525617721,0
1005022347407,1
1022202216450,0
326417514524,0
481036337188,0
137438953531,0
85899345981,0
721554505853,0
910533066822,0
1666447310998,1
644245094465,0
197568495763,0
42949673094,0
1683627180179,1
1262720385030,1
300647710777,1
1606317768767,0
558345748600,1
1357209665563,0
738734375046,0
1537598292113,1
1477468749852,0
1408749273253,1
1314259992735,0
1288490188956,0
326417514646,0
326417514534,1
910533066788,0
661424963703,1
1460288880668,0
420906795167,1
25769803936,0
790273982602,1
1340029796477,1
171798691865,0
1537598292081,0
1039382085748,1
455266533509,0
833223655551,1
833223655516,0
884763262998,0
1408749273226,0
188978561153,1
1486058684561,1
1331439861885,1
214748364973,0
249108103349,0
833223655552,1
833223655501,0
1288490188811,0
712964571264,0
231928234006,0
841813590121,1
910533066755,0
962072674462,0
1228360646780,0
609885356047,0
1477468749901,1
1340029796368,0
1056561954982,1
403726925868,0
635655159831,0
292057776208,1
1185410973719,0
300647710725,0
1400159338647,1
1022202216496,0
292057776158,0
1279900254208,1
601295421488,0
180388626542,0
85899346025,0
541165879372,0
1374389534834,0
1503238553606,1
515396075669,0
1211180777501,1
1417339207739,0
326417514605,0
1176821039193,0
833223655458,0
652835029113,0
893353197604,0
1211180777617,0
1108101562405,0
712964571267,0
1443109011530,0
506806140962,0
1365799600243,1
1357209665606,0
1365799600199,0
395136991312,0
1511828488338,1
592705486987,1
738734374988,0
987842478204,1
412316860510,0
670014898303,0
1211180777531,0
1082331758746,0
395136991284,0
618475290659,0
927712936051,1
188978561200,0
1305670058005,1
1331439861779,0
1683627180084,1
163208757289,1
1322849927270,1
970662609004,0
1477468749844,0
317827580059,0
575525617677,0
317827580055,0
154618822837,1
257698037860,1
506806141043,1
987842478236,0
1142461300827,0
403726925956,0
893353197739,0
369367187596,0
171798691926,1
1254130450487,0
695784702074,0
1108101562448,0
1382979469458,1
1314259992665,0
1391569404052,0
1477468749970,0
1520418422926,0
867583393921,0
618475290757,0
1168231104666,0
1623497637937,1
257698037819,0
128849018933,0
575525617820,0
377957122225,0
798863917119,1
71,0
94489280622,0
695784702054,0
532575944838,1
128849018999,0
953482739728,0
584115552322,0
1606317768733,0
979252543572,0
1073741824020,0
1606317768802,0
627065225350,0
704374636551,0
1434519076926,0
1013612281996,0
987842478122,0
1340029796508,0
111669149731,0
377957122139,0
429496729606,0
360777253046,0
68719476756,0
1168231104664,0
240518168675,1
335007449243,0
1443109011561,0
695784702055,0
51539607576,0
807453851824,0
489626271745,0
283467841620,1
1194000908443,1
1073741824011,0
695784701970,0
120259084297,0
867583393937,0
1108101562501,1
1133871366154,1
231928234069,0
747324309541,1
884763262989,0
1090921693289,0
1116691497038,0
798863917160,0
403726925975,0
1228360646674,0
206158430359,0
1357209665569,0
558345748500,1
919123001351,0
1185410973808,0
1511828488253,1
979252543671,0
1657857376306,0
1623497637967,0
34359738519,0
1013612281868,0
1571958030500,0
283467841586,0
335007449101,1
627065225218,0
214748364863,0
231928233991,1
335007449122,0
601295421588,1
1400159338643,1
816043786286,0
1400159338636,1
446676598789,1
44,0
292057776218,0
1228360646724,0
1322849927277,0
1116691497023,0
274877907095,1
1322849927224,1
515396075625,1
231928234050,0
257698037907,0
1314259992664,0
214748364843,0
893353197679,0
39,0
506806141070,0
1597727834251,0
34359738414,1
1675037245525,0
1468878815255,0
180388626539,0
816043786287,0
1357209665577,1
1340029796515,0
77309411426,1
17179869208,1
1142461300808,0
257698037918,0
463856468042,0
1554778161314,0
1262720385157,1
670014898213,0
429496729669,0
584115552312,1
730144440393,0
635655159924,0
360777253044,1
249108103312,0
369367187611,1
841813590068,0
506806141012,0
1013612281932,1
1314259992645,0
962072674438,1
738734374913,0
1597727834118,0
824633720833,0
515396075629,0
438086664324,0
798863917214,1
584115552256,0
1340029796470,0
1065151889588,1
481036337327,0
60129542274,0
146028888261,0
94489280589,0
412316860426,0
644245094516,0
369367187636,0
1082331758696,0
472446402567,0
764504178820,0
644245094500,0
51539607552,0
953482739854,0
438086664281,0
1013612281858,0
249108103348,0
592705486864,0
489626271835,0
1700807049407,0
283467841655,0
1460288880651,0
103079215258,0
1305670058129,1
601295421451,0
1108101562404,1
206158430268,0
1434519077044,0
1194000908468,0
1168231104567,0
1391569403967,1
1322849927329,0
1279900254323,1
420906795131,0
68719476783,0
1683627180166,0
1494648619157,0
1563368095874,1
343597383755,0
1537598292003,0
506806140940,0
1391569404032,0
1288490188851,0
1005022347357,1
1511828488234,0
1606317768838,0
678604832932,0
429496729692,1
764504178766,0
601295421502,1
893353197627,0
833223655525,1
223338299443,0
34359738375,0
438086664274,0
996432412693,0
197568495707,0
549755813939,0
120259084339,0
1176821039105,1
1546188226605,1
1305670058153,0
1348619731054,1
317827579964,0
730144440398,0
687194767360,1
34359738440,0
609885356049,0
721554505877,0
438086664238,0
274877907025,1
1425929142300,0
377957122081,0
146028888150,0
171798691905,0
472446402621,0
412316860538,0
1563368095808,0
841813590114,0
1649267441731,0
833223655441,0
257698037773,1
704374636588,0
1649267441801,0
515396075651,0
1151051235509,1
1597727834190,0
223338299572,0
1322849927271,0
326417514564,0
1468878815286,0
730144440400,1
68719476807,1
1649267441730,0
927712936008,0
1254130450527,0
901943132239,0
498216206352,0
360777252965,0
850403524641,0
1520418422960,0
317827580035,1
1013612281892,0
970662608989,1
1288490188920,1
1520418422939,1
1365799600287,0
1554778161303,0
395136991287,0
1211180777523,1
85899345946,0
1443109011460,1
644245094421,0
481036337254,0
1365799600265,1
438086664198,0
773094113432,0
884763263101,1
1331439861823,0
103079215142,0
704374636566,0
60129542184,1
352187318354,0
1254130450507,0
858993459308,0
996432412788,0
154618822798,0
1099511627789,0
274877907066,1
1005022347343,0
1460288880669,0
120259084343,0
721554505773,1
335007449183,1
910533066793,0
1434519076907,0
824633721001,0
188978561101,0
77309411508,0
146028888091,0
970662608976,1
721554505812,0
867583393888,0
1606317768807,1
188978561203,0
292057776203,0
34359738516,0
1159641170072,0
910533066813,0
1563368095910,0
1099511627885,0
532575944763,1
1382979469446,0
412316860579,1
1176821039157,1
773094113435,0
360777252997,0
463856468015,1
506806140945,0
446676598877,0
1563368095754,0
901943132300,0
94489280549,0
1340029796454,0
1408749273239,0
807453851668,0
420906795074,0
979252543662,0
1005022347304,0
1503238553608,0
1529008357432,0
901943132304,0
601295421480,0
1503238553676,0
712964571295,0
1468878815257,0
652835029033,0
1219770712106,1
987842478150,0
231928233987,0
876173328464,0
8589934618,0
1099511627817,0
1125281431552,1
1408749273164,0
1589137899692,1
403726925874,0
919123001397,0
163208757412,0
197568495631,0
1417339207734,0
1649267441702,0
1382979469391,0
154618822688,0
34359738420,0
721554505896,0
1486058684509,0
17179869267,1
1348619731066,0
850403524722,0
120259084422,0
26,0
1322849927267,1
944892805173,1
1468878815330,0
1460288880697,0
188978561156,1
1185410973826,0
25769803929,0
377957122075,0
1382979469397,1
1039382085740,1
1494648619020,0
1391569403981,0
146028888098,0
1382979469396,0
1151051235457,1
120259084334,0
592705486906,0
1168231104631,0
730144440480,1
592705486931,1
1116691497082,1
1486058684554,0
1228360646757,0
962072674317,1
807453851708,0
747324309568,0
893353197572,0
231928233992,0
369367187591,0
77309411371,0
85899346038,1
481036337157,0
171,0
463856468032,0
300647710794,0
180388626600,1
541165879424,1
1683627180032,0
541165879421,0
979252543593,0
292057776292,0
42949673120,1
231928234018,0
386547056778,0
429496729740,1
1108101562510,0
1503238553619,0
644245094582,0
1030792151064,0
747324309636,0
979252543516,0
